age,workclass,fnlwgt,education,education.num,marital.status,occupation,relationship,race,sex,capital.gain,capital.loss,hours.per.week,native.country,income
39,Private,146091,Bachelors,13,Married-civ-spouse,Prof-specialty,Wife,White,Female,0,0,20,United-States,>50K
39,Private,96452,Masters,14,Married-civ-spouse,Exec-managerial,Husband,White,Male,0,0,55,United-States,>50K
51,Private,153870,HS-grad,9,Married-civ-spouse,Tech-support,Husband,White,Male,0,0,40,United-States,>50K
21,State-gov,181761,Some-college,10,Never-married,Tech-support,Own-child,White,Female,0,0,10,United-States,<=50K
45,Private,129371,9th,5,Separated,Other-service,Unmarried,Other,Female,0,0,40,Trinadad&Tobago,<=50K
65,Private,173674,HS-grad,9,Divorced,Other-service,Other-relative,White,Female,0,0,14,United-States,<=50K
57,Private,317969,HS-grad,9,Married-civ-spouse,Exec-managerial,Husband,White,Male,0,0,50,United-States,<=50K
45,Private,184277,Assoc-voc,11,Divorced,Adm-clerical,Unmarried,White,Female,0,0,55,United-States,>50K
25,Private,188488,HS-grad,9,Never-married,Machine-op-inspct,Other-relative,White,Male,0,0,40,United-States,<=50K
23,Private,148315,Some-college,10,Separated,Craft-repair,Own-child,White,Male,0,0,40,United-States,<=50K
23,Private,240137,5th-6th,3,Never-married,Handlers-cleaners,Not-in-family,White,Male,0,0,55,Mexico,<=50K
59,Private,21792,HS-grad,9,Widowed,Other-service,Not-in-family,White,Female,0,0,10,United-States,<=50K
37,Private,77820,Bachelors,13,Married-civ-spouse,Exec-managerial,Husband,White,Male,0,0,50,United-States,>50K
27,State-gov,194773,Masters,14,Never-married,Prof-specialty,Not-in-family,White,Female,0,0,50,Germany,<=50K
40,Private,216237,Bachelors,13,Divorced,Exec-managerial,Not-in-family,White,Female,0,0,45,United-States,>50K
35,Private,227571,7th-8th,4,Married-civ-spouse,Handlers-cleaners,Husband,White,Male,0,0,40,Mexico,<=50K
32,Private,127610,Bachelors,13,Married-civ-spouse,Prof-specialty,Wife,White,Female,0,1902,32,United-States,>50K
58,Self-emp-inc,229498,Some-college,10,Widowed,Sales,Not-in-family,White,Female,0,0,20,United-States,>50K
40,Private,155767,HS-grad,9,Separated,Machine-op-inspct,Unmarried,White,Male,0,0,40,United-States,<=50K
40,Private,183096,Bachelors,13,Divorced,Adm-clerical,Not-in-family,White,Female,0,0,35,United-States,<=50K
44,Local-gov,177937,Doctorate,16,Married-civ-spouse,Prof-specialty,Husband,White,Male,0,0,36,United-States,>50K
45,Private,189564,Bachelors,13,Married-civ-spouse,Sales,Wife,White,Female,0,0,42,United-States,>50K
30,Private,270886,Some-college,10,Never-married,Other-service,Own-child,White,Female,0,0,40,United-States,<=50K
45,Private,117310,Bachelors,13,Divorced,Sales,Not-in-family,White,Female,0,0,46,United-States,<=50K
54,Private,511668,Doctorate,16,Married-civ-spouse,Exec-managerial,Husband,White,Male,0,1977,43,United-States,>50K
27,Local-gov,247507,Bachelors,13,Never-married,Prof-specialty,Own-child,White,Male,0,0,35,United-States,<=50K
30,Self-emp-not-inc,87561,Some-college,10,Never-married,Adm-clerical,Not-in-family,White,Female,0,0,60,United-States,<=50K
32,Private,167531,Prof-school,15,Married-civ-spouse,Prof-specialty,Wife,Asian-Pac-Islander,Female,15024,0,50,United-States,>50K
40,Private,283724,9th,5,Never-married,Craft-repair,Other-relative,Black,Male,0,0,49,United-States,<=50K
58,Self-emp-inc,113806,Bachelors,13,Married-civ-spouse,Exec-managerial,Husband,White,Male,7688,0,30,United-States,>50K
35,Private,361888,Some-college,10,Divorced,Machine-op-inspct,Unmarried,White,Male,0,0,40,United-States,<=50K
28,Private,98010,Some-college,10,Married-spouse-absent,Adm-clerical,Own-child,White,Female,0,0,40,United-States,<=50K
40,Private,225660,Bachelors,13,Married-civ-spouse,Exec-managerial,Wife,White,Female,0,0,45,United-States,>50K
22,Private,58916,Some-college,10,Never-married,Adm-clerical,Not-in-family,White,Female,0,0,30,United-States,<=50K
33,Private,262439,HS-grad,9,Married-civ-spouse,Adm-clerical,Wife,White,Female,0,0,35,United-States,>50K
36,Local-gov,217414,Some-college,10,Divorced,Protective-serv,Unmarried,White,Male,0,0,55,United-States,<=50K
76,?,172637,Some-college,10,Married-civ-spouse,?,Husband,White,Male,0,0,20,United-States,>50K
54,Private,215990,Some-college,10,Married-civ-spouse,Tech-support,Husband,White,Male,7688,0,40,United-States,>50K
44,Private,111275,HS-grad,9,Divorced,Machine-op-inspct,Unmarried,Black,Female,0,0,56,United-States,<=50K
22,Private,51262,HS-grad,9,Never-married,Machine-op-inspct,Own-child,White,Male,0,0,40,United-States,<=50K
73,Self-emp-not-inc,46514,HS-grad,9,Married-civ-spouse,Sales,Wife,White,Female,0,0,25,United-States,<=50K
45,Private,98881,11th,7,Married-civ-spouse,Other-service,Wife,White,Female,0,0,32,United-States,<=50K
42,Private,45363,Assoc-acdm,12,Married-civ-spouse,Prof-specialty,Husband,White,Male,0,0,50,United-States,<=50K
37,Private,234807,Bachelors,13,Divorced,Exec-managerial,Unmarried,White,Female,7430,0,45,United-States,>50K
29,Private,239753,HS-grad,9,Married-civ-spouse,Adm-clerical,Wife,White,Female,0,2057,20,United-States,<=50K
46,Private,192835,Some-college,10,Married-civ-spouse,Transport-moving,Husband,White,Male,0,0,48,United-States,<=50K
45,State-gov,81853,Some-college,10,Married-civ-spouse,Adm-clerical,Wife,Asian-Pac-Islander,Female,0,0,40,United-States,>50K
67,Local-gov,176931,7th-8th,4,Widowed,Other-service,Not-in-family,White,Female,0,0,20,United-States,<=50K
30,Private,162572,Bachelors,13,Never-married,Exec-managerial,Not-in-family,White,Male,0,0,70,United-States,>50K
30,Private,169186,HS-grad,9,Never-married,Machine-op-inspct,Own-child,White,Male,0,0,60,United-States,<=50K
21,Private,164019,Some-college,10,Never-married,Farming-fishing,Own-child,Black,Male,0,0,10,United-States,<=50K
30,Self-emp-not-inc,523095,Some-college,10,Never-married,Craft-repair,Not-in-family,White,Male,0,0,45,United-States,<=50K
44,Private,222635,5th-6th,3,Married-civ-spouse,Machine-op-inspct,Husband,Black,Male,0,0,40,United-States,<=50K
70,Private,237065,5th-6th,3,Widowed,Other-service,Other-relative,White,Female,2346,0,40,?,<=50K
27,Private,99897,Some-college,10,Married-civ-spouse,Tech-support,Husband,White,Male,0,0,40,United-States,<=50K
42,Local-gov,19700,Bachelors,13,Married-civ-spouse,Prof-specialty,Wife,White,Female,0,0,50,United-States,>50K
58,Self-emp-inc,21626,Assoc-voc,11,Divorced,Sales,Not-in-family,White,Male,2202,0,56,United-States,<=50K
43,State-gov,199806,Bachelors,13,Married-civ-spouse,Adm-clerical,Husband,White,Male,0,0,40,United-States,>50K
20,Private,138938,Some-college,10,Never-married,Prof-specialty,Own-child,White,Female,0,0,10,United-States,<=50K
38,Private,234807,Bachelors,13,Married-civ-spouse,Exec-managerial,Wife,White,Female,0,0,50,United-States,>50K
51,Self-emp-not-inc,124963,Prof-school,15,Divorced,Prof-specialty,Not-in-family,White,Male,0,0,80,United-States,>50K
49,Self-emp-inc,143482,Some-college,10,Married-civ-spouse,Prof-specialty,Wife,White,Female,0,0,65,United-States,>50K
29,Private,144259,Bachelors,13,Married-civ-spouse,Handlers-cleaners,Husband,Black,Male,4386,0,80,?,>50K
63,Private,102412,HS-grad,9,Divorced,Sales,Not-in-family,White,Female,0,0,40,United-States,<=50K
51,Private,172046,Masters,14,Married-civ-spouse,Exec-managerial,Husband,White,Male,0,1977,50,United-States,>50K
51,Private,123429,Masters,14,Married-civ-spouse,Exec-managerial,Husband,White,Male,0,0,50,United-States,>50K
19,?,192773,Some-college,10,Never-married,?,Own-child,White,Female,0,0,35,United-States,<=50K
67,Private,212705,Masters,14,Married-spouse-absent,Exec-managerial,Not-in-family,White,Male,0,0,55,United-States,>50K
36,Private,151835,HS-grad,9,Married-civ-spouse,Other-service,Husband,White,Male,0,0,60,United-States,>50K
40,Private,191982,Assoc-voc,11,Divorced,Prof-specialty,Unmarried,White,Female,0,0,40,United-States,>50K
53,Private,283602,Bachelors,13,Divorced,Sales,Not-in-family,White,Female,13550,0,43,United-States,>50K
32,State-gov,481096,5th-6th,3,Never-married,Machine-op-inspct,Own-child,White,Female,0,0,10,United-States,<=50K
39,Private,86551,HS-grad,9,Married-civ-spouse,Other-service,Husband,White,Male,0,0,40,United-States,>50K
27,?,29361,Assoc-acdm,12,Never-married,?,Not-in-family,White,Female,0,0,45,United-States,<=50K
59,Self-emp-not-inc,188003,Bachelors,13,Widowed,Prof-specialty,Not-in-family,White,Female,0,0,50,United-States,>50K
35,Local-gov,302149,Bachelors,13,Married-civ-spouse,Sales,Husband,Asian-Pac-Islander,Male,7298,0,40,Philippines,>50K
33,Private,168981,Masters,14,Divorced,Exec-managerial,Own-child,White,Female,14084,0,50,United-States,>50K
26,Private,189185,HS-grad,9,Divorced,Adm-clerical,Own-child,White,Female,0,0,40,United-States,<=50K
35,Private,187089,Assoc-voc,11,Married-civ-spouse,Exec-managerial,Wife,White,Female,0,0,42,United-States,>50K
39,Private,91711,Masters,14,Married-civ-spouse,Exec-managerial,Husband,White,Male,0,0,40,United-States,>50K
46,Private,193047,HS-grad,9,Married-civ-spouse,Exec-managerial,Husband,White,Male,0,0,40,United-States,>50K
66,Self-emp-inc,220543,HS-grad,9,Married-civ-spouse,Adm-clerical,Wife,White,Female,0,0,40,United-States,>50K
20,Private,151790,Some-college,10,Never-married,Adm-clerical,Own-child,White,Female,0,0,30,United-States,<=50K
33,Private,191856,Some-college,10,Divorced,Adm-clerical,Not-in-family,White,Female,0,0,40,United-States,<=50K
60,?,163946,9th,5,Married-civ-spouse,?,Husband,White,Male,0,0,40,United-States,<=50K
38,Private,309230,Some-college,10,Married-civ-spouse,Craft-repair,Husband,White,Male,0,0,40,United-States,>50K
59,Self-emp-not-inc,148526,Some-college,10,Married-civ-spouse,Sales,Husband,White,Male,0,0,40,United-States,<=50K
42,Self-emp-not-inc,326083,Assoc-voc,11,Married-civ-spouse,Prof-specialty,Husband,White,Male,0,0,40,United-States,<=50K
43,Private,117915,Masters,14,Never-married,Adm-clerical,Not-in-family,White,Male,0,0,40,United-States,<=50K
58,Self-emp-inc,154537,HS-grad,9,Married-civ-spouse,Exec-managerial,Wife,White,Female,0,0,20,United-States,>50K
35,Private,252897,Assoc-acdm,12,Never-married,Adm-clerical,Not-in-family,White,Female,14344,0,40,United-States,>50K
57,Private,169329,HS-grad,9,Married-civ-spouse,Tech-support,Husband,Black,Male,0,1887,40,Trinadad&Tobago,>50K
30,Private,176410,Assoc-voc,11,Married-civ-spouse,Prof-specialty,Own-child,White,Female,7298,0,16,United-States,>50K
45,Local-gov,374450,HS-grad,9,Married-civ-spouse,Transport-moving,Wife,White,Female,5178,0,40,United-States,>50K
32,Private,202952,HS-grad,9,Married-civ-spouse,Adm-clerical,Husband,White,Male,0,0,40,United-States,<=50K
46,Local-gov,375675,12th,8,Married-civ-spouse,Other-service,Husband,White,Male,0,0,35,United-States,>50K
57,Federal-gov,30030,HS-grad,9,Married-civ-spouse,Craft-repair,Husband,Black,Male,0,0,40,United-States,>50K
49,Self-emp-not-inc,199590,HS-grad,9,Married-civ-spouse,Craft-repair,Husband,White,Male,0,0,50,Mexico,<=50K
40,Private,99604,Masters,14,Married-civ-spouse,Prof-specialty,Wife,White,Female,15024,0,24,United-States,>50K
32,Self-emp-not-inc,129497,Some-college,10,Married-civ-spouse,Craft-repair,Husband,White,Male,0,0,55,United-States,>50K
